{
    "loss": 0.054427530616521835,
    "accuracy": 0.970588207244873
}